{
  "teams": [
    {"name": "Arizona Cardinals", "abbreviation": "ARI", "city": "Glendale", "state": "Arizona", "conference": "NFC", "division": "West", "founded": 1898, "stadium": "State Farm Stadium", "primary_color": "#97233F"},
    {"name": "Atlanta Falcons", "abbreviation": "ATL", "city": "Atlanta", "state": "Georgia", "conference": "NFC", "division": "South", "founded": 1965, "stadium": "Mercedes-Benz Stadium", "primary_color": "#A71930"},
    {"name": "Baltimore Ravens", "abbreviation": "BAL", "city": "Baltimore", "state": "Maryland", "conference": "AFC", "division": "North", "founded": 1996, "stadium": "M&T Bank Stadium", "primary_color": "#241773"},
    {"name": "Buffalo Bills", "abbreviation": "BUF", "city": "Orchard Park", "state": "New York", "conference": "AFC", "division": "East", "founded": 1960, "stadium": "Highmark Stadium", "primary_color": "#00338D"},
    {"name": "Carolina Panthers", "abbreviation": "CAR", "city": "Charlotte", "state": "North Carolina", "conference": "NFC", "division": "South", "founded": 1993, "stadium": "Bank of America Stadium", "primary_color": "#0085CA"},
    {"name": "Chicago Bears", "abbreviation": "CHI", "city": "Chicago", "state": "Illinois", "conference": "NFC", "division": "North", "founded": 1920, "stadium": "Soldier Field", "primary_color": "#0B162A"},
    {"name": "Cincinnati Bengals", "abbreviation": "CIN", "city": "Cincinnati", "state": "Ohio", "conference": "AFC", "division": "North", "founded": 1968, "stadium": "Paycor Stadium", "primary_color": "#FB4F14"},
    {"name": "Cleveland Browns", "abbreviation": "CLE", "city": "Cleveland", "state": "Ohio", "conference": "AFC", "division": "North", "founded": 1946, "stadium": "Cleveland Browns Stadium", "primary_color": "#311D00"},
    {"name": "Dallas Cowboys", "abbreviation": "DAL", "city": "Arlington", "state": "Texas", "conference": "NFC", "division": "East", "founded": 1960, "stadium": "AT&T Stadium", "primary_color": "#003594"},
    {"name": "Denver Broncos", "abbreviation": "DEN", "city": "Denver", "state": "Colorado", "conference": "AFC", "division": "West", "founded": 1960, "stadium": "Empower Field", "primary_color": "#FB4F14"},
    {"name": "Detroit Lions", "abbreviation": "DET", "city": "Detroit", "state": "Michigan", "conference": "NFC", "division": "North", "founded": 1930, "stadium": "Ford Field", "primary_color": "#0076B6"},
    {"name": "Green Bay Packers", "abbreviation": "GB", "city": "Green Bay", "state": "Wisconsin", "conference": "NFC", "division": "North", "founded": 1919, "stadium": "Lambeau Field", "primary_color": "#203731"},
    {"name": "Houston Texans", "abbreviation": "HOU", "city": "Houston", "state": "Texas", "conference": "AFC", "division": "South", "founded": 2002, "stadium": "NRG Stadium", "primary_color": "#03202F"},
    {"name": "Indianapolis Colts", "abbreviation": "IND", "city": "Indianapolis", "state": "Indiana", "conference": "AFC", "division": "South", "founded": 1953, "stadium": "Lucas Oil Stadium", "primary_color": "#002C5F"},
    {"name": "Jacksonville Jaguars", "abbreviation": "JAX", "city": "Jacksonville", "state": "Florida", "conference": "AFC", "division": "South", "founded": 1993, "stadium": "TIAA Bank Field", "primary_color": "#006778"},
    {"name": "Kansas City Chiefs", "abbreviation": "KC", "city": "Kansas City", "state": "Missouri", "conference": "AFC", "division": "West", "founded": 1960, "stadium": "Arrowhead Stadium", "primary_color": "#E31837"},
    {"name": "Las Vegas Raiders", "abbreviation": "LV", "city": "Las Vegas", "state": "Nevada", "conference": "AFC", "division": "West", "founded": 1960, "stadium": "Allegiant Stadium", "primary_color": "#000000"},
    {"name": "Los Angeles Chargers", "abbreviation": "LAC", "city": "Inglewood", "state": "California", "conference": "AFC", "division": "West", "founded": 1960, "stadium": "SoFi Stadium", "primary_color": "#0080C6"},
    {"name": "Los Angeles Rams", "abbreviation": "LAR", "city": "Inglewood", "state": "California", "conference": "NFC", "division": "West", "founded": 1936, "stadium": "SoFi Stadium", "primary_color": "#003594"},
    {"name": "Miami Dolphins", "abbreviation": "MIA", "city": "Miami Gardens", "state": "Florida", "conference": "AFC", "division": "East", "founded": 1966, "stadium": "Hard Rock Stadium", "primary_color": "#008E97"},
    {"name": "Minnesota Vikings", "abbreviation": "MIN", "city": "Minneapolis", "state": "Minnesota", "conference": "NFC", "division": "North", "founded": 1961, "stadium": "U.S. Bank Stadium", "primary_color": "#4F2683"},
    {"name": "New England Patriots", "abbreviation": "NE", "city": "Foxborough", "state": "Massachusetts", "conference": "AFC", "division": "East", "founded": 1960, "stadium": "Gillette Stadium", "primary_color": "#002244"},
    {"name": "New Orleans Saints", "abbreviation": "NO", "city": "New Orleans", "state": "Louisiana", "conference": "NFC", "division": "South", "founded": 1967, "stadium": "Caesars Superdome", "primary_color": "#D3BC8D"},
    {"name": "New York Giants", "abbreviation": "NYG", "city": "East Rutherford", "state": "New Jersey", "conference": "NFC", "division": "East", "founded": 1925, "stadium": "MetLife Stadium", "primary_color": "#0B2265"},
    {"name": "New York Jets", "abbreviation": "NYJ", "city": "East Rutherford", "state": "New Jersey", "conference": "AFC", "division": "East", "founded": 1960, "stadium": "MetLife Stadium", "primary_color": "#125740"},
    {"name": "Philadelphia Eagles", "abbreviation": "PHI", "city": "Philadelphia", "state": "Pennsylvania", "conference": "NFC", "division": "East", "founded": 1933, "stadium": "Lincoln Financial Field", "primary_color": "#004C54"},
    {"name": "Pittsburgh Steelers", "abbreviation": "PIT", "city": "Pittsburgh", "state": "Pennsylvania", "conference": "AFC", "division": "North", "founded": 1933, "stadium": "Acrisure Stadium", "primary_color": "#FFB612"},
    {"name": "San Francisco 49ers", "abbreviation": "SF", "city": "Santa Clara", "state": "California", "conference": "NFC", "division": "West", "founded": 1946, "stadium": "Levi's Stadium", "primary_color": "#AA0000"},
    {"name": "Seattle Seahawks", "abbreviation": "SEA", "city": "Seattle", "state": "Washington", "conference": "NFC", "division": "West", "founded": 1976, "stadium": "Lumen Field", "primary_color": "#002244"},
    {"name": "Tampa Bay Buccaneers", "abbreviation": "TB", "city": "Tampa", "state": "Florida", "conference": "NFC", "division": "South", "founded": 1976, "stadium": "Raymond James Stadium", "primary_color": "#D50A0A"},
    {"name": "Tennessee Titans", "abbreviation": "TEN", "city": "Nashville", "state": "Tennessee", "conference": "AFC", "division": "South", "founded": 1960, "stadium": "Nissan Stadium", "primary_color": "#0C2340"},
    {"name": "Washington Commanders", "abbreviation": "WAS", "city": "Landover", "state": "Maryland", "conference": "NFC", "division": "East", "founded": 1932, "stadium": "FedExField", "primary_color": "#5A1414"}
  ]
}
